,Accuracy Mean,Std
Subject 1,0.6517361111111112,0.03199535496283064
Subject 2,0.6222222222222223,0.034803916241335296
Subject 3,0.6309027777777778,0.03513241504556949
Subject 4,0.632986111111111,0.042047354287422366
Subject 5,0.6369212962962962,0.029062451601800487
Subject 6,0.6358796296296296,0.042733889021701124
Subject 7,0.6214120370370371,0.030167952292251204
Subject 8,0.6546296296296297,0.04001751802612442
Subject 9,0.6355324074074074,0.025299083325537364
