,Accuracy Mean,Std
Subject 1,0.7055555555555555,0.03176951567462548
Subject 2,0.7018518518518518,0.031507002182958106
Subject 3,0.6843750000000001,0.03074676250424515
Subject 4,0.675,0.04080513639701014
Subject 5,0.6783564814814815,0.02999874075717947
Subject 6,0.7143518518518518,0.02719685767171207
Subject 7,0.686574074074074,0.0273540208272638
Subject 8,0.7057870370370372,0.029416369389607618
Subject 9,0.6971064814814815,0.030799000390736506
