,Accuracy Mean,Std
Subject 1,0.7543981481481481,0.184782403405648
Subject 2,0.8020833333333334,0.12947142296881298
Subject 3,0.7342592592592593,0.18441041631667812
Subject 4,0.7557870370370371,0.14921401155674346
Subject 5,0.7793981481481481,0.14970446280297584
Subject 6,0.6226851851851852,0.3138209393294068
Subject 7,0.7726851851851853,0.13765579152732765
Subject 8,0.7986111111111112,0.1553273513481047
Subject 9,0.7902777777777777,0.1412158464724287
